order_id,product,category,customer,region,quantity,price,order_date,revenue
O1001,Tablet,Electronics,Eva,South,2,182.56,2023-02-22,365.12
O1002,Tablet,Office Equipment,Grace,North,1,139.01,2023-04-30,139.01
O1003,Laptop,Office Equipment,David,West,2,476.75,2023-05-23,953.5
O1004,Laptop,Electronics,Grace,East,3,197.71,2023-06-22,593.13
O1005,Tablet,Electronics,Grace,North,3,855.12,2023-11-06,2565.36
O1006,Keyboard,Electronics,Hannah,North,4,124.86,2023-05-31,499.44
O1007,Mouse,Office Equipment,David,North,1,678.2,2023-05-29,678.2
O1008,Tablet,Electronics,Bob,West,3,480.74,2023-07-06,1442.22
O1009,Phone,Accessories,Frank,South,3,716.73,2023-12-16,2150.19
O1010,Tablet,Office Equipment,Charlie,South,2,489.15,2023-05-19,978.3
O1011,Monitor,Office Equipment,Frank,North,2,830.71,2023-06-11,1661.42
O1012,Headphones,Accessories,Bob,South,5,882.55,2023-06-11,4412.75
O1013,Monitor,Office Equipment,Hannah,West,4,185.73,2023-03-13,742.92
O1014,Monitor,Office Equipment,Ian,East,5,457.01,2023-10-26,2285.05
O1015,Headphones,Accessories,David,South,5,518.84,2023-01-25,2594.2
O1016,Tablet,Electronics,Charlie,West,5,110.35,2023-07-15,551.75
O1017,Printer,Office Equipment,Eva,North,1,697.62,2023-10-02,697.62
O1018,Keyboard,Office Equipment,Frank,North,3,463.03,2023-08-21,1389.09
O1019,Laptop,Office Equipment,Eva,South,5,917.0,2023-11-17,4585.0
O1020,Keyboard,Office Equipment,Ian,South,2,405.22,2023-03-24,810.44
O1021,Laptop,Office Equipment,Frank,West,1,156.27,2023-07-05,156.27
O1022,Keyboard,Electronics,Alice,South,5,949.6,2023-02-13,4748.0
O1023,Printer,Electronics,Ian,South,2,676.76,2023-10-09,1353.52
O1024,Phone,Accessories,Ian,West,2,932.47,2023-12-20,1864.94
O1025,Monitor,Office Equipment,Eva,West,3,466.2,2023-09-22,1398.6
O1025,Monitor,Office Equipment,Eva,West,3,466.2,2023-09-22,1398.6
O1026,Printer,Electronics,David,South,1,371.18,2023-10-29,371.18
O1027,Monitor,Office Equipment,David,North,1,722.45,2023-01-31,722.45
O1028,Monitor,Electronics,Alice,East,1,538.45,2023-05-23,538.45
O1029,Printer,Electronics,Ian,South,5,597.4,2023-05-05,2987.0
O1030,Printer,Accessories,David,North,1,676.03,2023-07-01,676.03
O1031,Headphones,Accessories,Hannah,North,1,107.58,2023-06-23,107.58
O1032,Tablet,Electronics,David,South,5,476.18,2023-08-05,2380.9
O1033,Phone,Accessories,Hannah,South,1,470.97,2023-10-09,470.97
O1034,Tablet,Electronics,Ian,North,1,930.05,2023-05-02,930.05
O1035,Phone,Accessories,Hannah,West,2,871.42,2023-01-31,1742.84
O1036,Phone,Accessories,Alice,West,3,930.19,2023-08-21,2790.57
O1037,Keyboard,Accessories,Ian,West,2,230.4,2023-04-22,460.8
O1038,Laptop,Office Equipment,Ian,North,3,104.31,2023-10-27,312.93
O1039,Printer,Office Equipment,Ian,South,1,962.74,2023-02-11,962.74
O1040,Phone,Electronics,Julia,North,2,433.59,2023-10-19,867.18
O1041,Monitor,Office Equipment,Julia,North,5,127.88,2023-12-03,639.4
O1042,Mouse,Accessories,David,East,2,302.33,2023-03-09,604.66
O1043,Keyboard,Accessories,Frank,North,1,485.37,2023-10-16,485.37
O1044,Tablet,Electronics,Ian,South,5,301.94,2023-06-28,1509.7
O1045,Tablet,Electronics,Frank,East,2,466.28,2023-10-06,932.56
O1046,Keyboard,Office Equipment,Ian,North,5,334.41,2023-12-06,1672.05
O1047,Tablet,Electronics,Eva,North,1,755.3,2023-03-21,755.3
O1048,Keyboard,Accessories,Julia,South,3,243.42,2023-11-21,730.26
O1049,Keyboard,Office Equipment,Hannah,East,1,137.68,2023-08-05,137.68
O1050,Keyboard,Electronics,Alice,East,2,655.26,2023-05-15,1310.52
O1050,Keyboard,Electronics,Alice,East,2,655.26,2023-05-15,1310.52
O1051,Phone,Office Equipment,Hannah,West,5,59.19,2023-02-08,295.95
O1052,Phone,Office Equipment,Alice,East,5,574.9,2023-08-09,2874.5
O1053,Phone,Electronics,Eva,East,1,903.98,2023-04-18,903.98
O1054,Monitor,Office Equipment,Bob,East,5,889.93,2023-07-28,4449.65
O1055,Phone,Electronics,Charlie,South,4,73.55,2023-06-20,294.2
O1056,Headphones,Office Equipment,David,East,2,798.01,2023-02-25,1596.02
O1057,Headphones,Electronics,Hannah,South,2,825.76,2023-08-24,1651.52
O1058,Mouse,Accessories,David,South,1,677.03,2023-07-24,677.03
O1059,Mouse,Accessories,Bob,East,3,659.41,2023-07-24,1978.23
O1060,Mouse,Electronics,Bob,East,2,601.56,2023-05-16,1203.12
O1061,Laptop,Electronics,Julia,West,3,742.12,2023-06-10,2226.36
O1062,Headphones,Office Equipment,Ian,North,4,904.53,2023-04-08,3618.12
O1063,Keyboard,Electronics,Grace,North,5,929.3,2023-10-03,4646.5
O1064,Monitor,Accessories,Grace,North,3,642.0,2023-12-06,1926.0
O1065,Tablet,Office Equipment,Eva,East,4,359.87,2023-12-23,1439.48
O1066,Keyboard,Office Equipment,Charlie,South,4,681.68,2023-07-14,2726.72
O1067,Phone,Office Equipment,Julia,East,4,570.54,2023-01-01,2282.16
O1068,Keyboard,Accessories,David,West,5,626.33,2023-06-14,3131.65
O1069,Printer,Accessories,Hannah,South,5,499.53,2023-03-28,2497.65
O1070,Tablet,Accessories,Ian,East,1,827.5,2023-05-01,827.5
O1071,Keyboard,Electronics,David,South,1,93.9,2023-09-01,93.9
O1072,Tablet,Accessories,Grace,South,4,519.66,2023-05-05,2078.64
O1073,Phone,Office Equipment,Alice,North,4,257.9,2023-12-23,1031.6
O1074,Printer,Electronics,Ian,South,1,483.64,2023-08-26,483.64
O1075,Mouse,Accessories,Julia,West,5,473.62,2023-03-23,2368.1
O1075,Mouse,Accessories,Julia,West,5,473.62,2023-03-23,2368.1
O1076,Printer,Accessories,Eva,South,3,777.52,2023-09-24,2332.56
O1077,Printer,Office Equipment,David,East,4,123.61,2023-05-27,494.44
O1078,Monitor,Accessories,Frank,East,5,126.55,2023-03-19,632.75
O1079,Monitor,Accessories,Charlie,South,1,444.12,2023-06-19,444.12
O1080,Printer,Accessories,Alice,South,4,420.0,2023-10-27,1680.0
O1081,Laptop,Office Equipment,Grace,West,1,945.6,2023-06-02,945.6
O1082,Headphones,Accessories,Ian,South,4,258.45,2023-08-12,1033.8
O1083,Printer,Electronics,Grace,East,4,737.97,2023-08-28,2951.88
O1084,Phone,Office Equipment,Ian,North,4,612.3,2023-12-06,2449.2
O1085,Laptop,Electronics,Grace,South,4,222.64,2023-05-14,890.56
O1086,Headphones,Accessories,David,West,3,370.63,2023-07-14,1111.89
O1087,Keyboard,Accessories,Eva,North,4,68.41,2023-10-04,273.64
O1088,Laptop,Accessories,David,North,1,766.52,2023-05-07,766.52
O1089,Monitor,Electronics,Julia,South,2,169.91,2023-12-09,339.82
O1090,Tablet,Office Equipment,David,West,3,778.55,2023-03-27,2335.65
O1091,Tablet,Electronics,Eva,North,5,74.39,2023-06-09,371.95
O1092,Headphones,Accessories,David,North,5,706.08,2023-11-18,3530.4
O1093,Monitor,Electronics,Eva,North,5,793.5,2023-06-27,3967.5
O1094,Headphones,Office Equipment,Frank,North,5,665.17,2023-01-07,3325.85
O1095,Headphones,Accessories,Bob,West,3,653.81,2023-08-24,1961.43
O1096,Phone,Accessories,Charlie,East,5,817.79,2023-10-03,4088.95
O1097,Printer,Accessories,Grace,East,3,859.13,2023-02-14,2577.39
O1098,Keyboard,Accessories,David,West,5,629.82,2023-07-14,3149.1
O1099,Mouse,Electronics,Hannah,East,2,513.17,2023-07-01,1026.34
O1100,Keyboard,Accessories,Eva,East,5,59.64,2023-04-08,298.2
O1100,Keyboard,Accessories,Eva,East,5,59.64,2023-04-08,298.2
O1101,Tablet,Electronics,Grace,West,5,770.26,2023-12-20,3851.3
O1102,Printer,Office Equipment,Hannah,West,1,138.4,2023-04-24,138.4
O1103,Headphones,Office Equipment,David,East,5,400.57,2023-10-11,2002.85
O1104,Mouse,Accessories,Ian,East,3,717.71,2023-05-19,2153.13
O1105,Keyboard,Accessories,David,North,2,349.77,2023-10-02,699.54
O1106,Phone,Electronics,David,West,3,738.36,2023-09-26,2215.08
O1107,Keyboard,Electronics,David,East,2,392.84,2023-06-04,785.68
O1108,Laptop,Office Equipment,Ian,South,3,93.24,2023-01-28,279.72
O1109,Keyboard,Office Equipment,Charlie,West,1,879.08,2023-10-21,879.08
O1110,Keyboard,Accessories,Hannah,West,3,225.15,2023-01-27,675.45
O1111,Keyboard,Accessories,Bob,North,4,517.16,2023-10-23,2068.64
O1112,Laptop,Electronics,Charlie,East,1,994.22,2023-03-02,994.22
O1113,Headphones,Office Equipment,Julia,South,5,411.36,2023-08-15,2056.8
O1114,Keyboard,Office Equipment,Grace,East,5,639.98,2023-11-09,3199.9
O1115,Tablet,Electronics,David,East,1,199.2,2023-03-30,199.2
O1116,Tablet,Electronics,Alice,West,4,704.9,2023-08-29,2819.6
O1117,Keyboard,Electronics,David,East,3,717.84,2023-08-21,2153.52
O1118,Tablet,Office Equipment,David,East,5,678.12,2023-04-12,3390.6
O1119,Headphones,Electronics,Ian,South,2,912.99,2023-03-14,1825.98
O1120,Tablet,Electronics,Charlie,East,5,761.51,2023-10-19,3807.55
O1121,Keyboard,Accessories,Bob,West,3,714.75,2023-05-20,2144.25
O1122,Printer,Accessories,Bob,North,4,747.81,2023-11-06,2991.24
O1123,Keyboard,Electronics,Bob,South,5,607.77,2023-01-11,3038.85
O1124,Keyboard,Office Equipment,Alice,South,4,543.02,2023-08-15,2172.08
O1125,Keyboard,Electronics,Julia,West,4,970.6,2023-08-29,3882.4
O1125,Keyboard,Electronics,Julia,West,4,970.6,2023-08-29,3882.4
O1126,Mouse,Accessories,Frank,East,1,864.85,2023-06-18,864.85
O1127,Headphones,Office Equipment,Hannah,East,4,822.89,2023-10-09,3291.56
O1128,Laptop,Accessories,Bob,East,3,357.11,2023-07-26,1071.33
O1129,Laptop,Office Equipment,Ian,West,4,101.49,2023-09-23,405.96
O1130,Mouse,Office Equipment,Hannah,West,1,243.38,2023-10-09,243.38
O1131,Phone,Accessories,Hannah,West,1,77.43,2023-11-19,77.43
O1132,Monitor,Office Equipment,Charlie,East,5,62.99,2023-07-28,314.95
O1133,Tablet,Electronics,Bob,West,1,665.32,2023-03-20,665.32
O1134,Printer,Office Equipment,Eva,East,4,842.99,2023-08-30,3371.96
O1135,Monitor,Accessories,Ian,South,4,231.08,2023-11-03,924.32
O1136,Phone,Electronics,Eva,West,3,937.54,2023-09-17,2812.62
O1137,Keyboard,Electronics,Eva,East,5,600.93,2023-12-04,3004.65
O1138,Printer,Electronics,Hannah,West,3,365.82,2023-10-06,1097.46
O1139,Headphones,Accessories,Frank,South,2,593.21,2023-04-30,1186.42
O1140,Headphones,Electronics,Frank,West,4,416.77,2023-12-06,1667.08
O1141,Phone,Accessories,Alice,South,5,967.09,2023-06-19,4835.45
O1142,Tablet,Accessories,Bob,West,1,736.32,2023-07-29,736.32
O1143,Phone,Electronics,Hannah,East,3,642.1,2023-07-23,1926.3
O1144,Tablet,Accessories,Ian,West,3,645.46,2023-09-07,1936.38
O1145,Laptop,Office Equipment,Bob,South,3,997.55,2023-02-16,2992.65
O1146,Headphones,Electronics,Bob,West,2,709.3,2023-01-15,1418.6
O1147,Laptop,Accessories,Alice,East,3,406.1,2023-03-16,1218.3
O1148,Monitor,Office Equipment,Grace,South,2,216.32,2023-11-09,432.64
O1149,Headphones,Office Equipment,David,West,5,185.96,2023-08-25,929.8
O1150,Keyboard,Accessories,Eva,North,4,906.15,2023-12-13,3624.6
O1150,Keyboard,Accessories,Eva,North,4,906.15,2023-12-13,3624.6
O1151,Phone,Electronics,Hannah,East,5,334.2,2023-08-06,1671.0
O1152,Keyboard,Accessories,Eva,South,4,860.67,2023-02-24,3442.68
O1153,Monitor,Accessories,Julia,East,5,331.08,2023-12-25,1655.4
O1154,Keyboard,Electronics,Grace,East,1,587.63,2023-12-18,587.63
O1155,Laptop,Office Equipment,Hannah,East,2,626.71,2023-06-30,1253.42
O1156,Monitor,Office Equipment,David,East,2,646.84,2023-11-18,1293.68
O1157,Laptop,Accessories,Hannah,North,5,396.62,2023-03-09,1983.1
O1158,Tablet,Accessories,Frank,West,2,240.76,2023-10-04,481.52
O1159,Mouse,Office Equipment,Ian,East,2,294.12,2023-09-04,588.24
O1160,Keyboard,Office Equipment,Frank,North,4,964.75,2023-03-14,3859.0
O1161,Monitor,Office Equipment,Grace,East,1,801.15,2023-01-08,801.15
O1162,Keyboard,Office Equipment,Bob,West,3,689.19,2023-12-11,2067.57
O1163,Keyboard,Office Equipment,Grace,East,1,691.09,2023-08-30,691.09
O1164,Laptop,Office Equipment,Ian,East,5,260.3,2023-02-02,1301.5
O1165,Printer,Office Equipment,Eva,West,1,182.79,2023-01-20,182.79
O1166,Keyboard,Accessories,Bob,North,2,892.9,2023-03-11,1785.8
O1167,Headphones,Accessories,Frank,West,5,755.16,2023-03-21,3775.8
O1168,Headphones,Office Equipment,Bob,West,5,437.71,2023-05-24,2188.55
O1169,Laptop,Office Equipment,Frank,South,4,472.46,2023-05-01,1889.84
O1170,Mouse,Electronics,Frank,East,1,428.23,2023-04-08,428.23
O1171,Tablet,Accessories,Bob,South,5,972.54,2023-01-26,4862.7
O1172,Mouse,Electronics,Charlie,South,1,838.33,2023-10-11,838.33
O1173,Monitor,Office Equipment,David,South,3,785.65,2023-11-02,2356.95
O1174,Laptop,Accessories,Charlie,South,5,288.12,2023-03-31,1440.6
O1175,Tablet,Office Equipment,Alice,South,1,390.33,2023-05-02,390.33
O1175,Tablet,Office Equipment,Alice,South,1,390.33,2023-05-02,390.33
O1176,Mouse,Electronics,Charlie,East,1,170.42,2023-08-04,170.42
O1177,Tablet,Office Equipment,Bob,West,4,789.12,2023-09-20,3156.48
O1178,Tablet,Accessories,Ian,South,5,91.2,2023-12-04,456.0
O1179,Keyboard,Accessories,Alice,North,4,854.93,2023-08-07,3419.72
O1180,Tablet,Accessories,Hannah,North,1,356.01,2023-03-17,356.01
O1181,Tablet,Electronics,Eva,East,4,994.9,2023-09-29,3979.6
O1182,Keyboard,Accessories,Ian,West,1,803.44,2023-02-28,803.44
O1183,Monitor,Accessories,Hannah,South,4,371.99,2023-08-21,1487.96
O1184,Headphones,Accessories,Bob,East,4,346.9,2023-05-11,1387.6
O1185,Mouse,Electronics,Hannah,North,1,840.18,2023-02-17,840.18
O1186,Headphones,Electronics,Frank,South,5,106.98,2023-10-15,534.9
O1187,Mouse,Office Equipment,Bob,West,3,879.93,2023-08-05,2639.79
O1188,Laptop,Accessories,Julia,East,3,148.42,2023-09-17,445.26
O1189,Monitor,Electronics,Hannah,South,1,382.61,2023-10-12,382.61
O1190,Mouse,Electronics,Eva,South,4,852.9,2023-11-15,3411.6
O1191,Laptop,Office Equipment,Eva,North,2,309.61,2023-06-08,619.22
O1192,Mouse,Accessories,Alice,South,2,588.01,2023-07-25,1176.02
O1193,Tablet,Electronics,Alice,North,5,254.38,2023-08-03,1271.9
O1194,Printer,Accessories,Charlie,East,3,735.52,2023-10-18,2206.56
O1195,Tablet,Electronics,Charlie,South,5,97.27,2023-02-11,486.35
O1196,Keyboard,Accessories,Grace,West,5,469.94,2023-05-20,2349.7
O1197,Monitor,Office Equipment,Bob,East,4,155.35,2023-12-14,621.4
O1198,Printer,Office Equipment,Eva,North,2,425.5,2023-11-03,851.0
O1199,Laptop,Electronics,David,East,2,778.98,2023-05-11,1557.96
O1200,Keyboard,Accessories,Bob,North,4,759.66,2023-03-31,3038.64
O1200,Keyboard,Accessories,Bob,North,4,759.66,2023-03-31,3038.64
